{"playerCoords":{"x":150.92831420898438,"y":79.50910186767578,"z":0.0},"playerHealth":5,"playerInventory":[5,5,5],"currentLevel":1,"playerStorySection":1}