{"playerCoords":{"x":146.4022216796875,"y":77.53650665283203,"z":0.0},"playerHealth":5,"playerInventory":[5,5,5],"currentLevel":1,"playerStorySection":1}